rule,group,rate,ci_lo,ci_hi,k,n
F1,overall_popweighted,0.04752719973279893,0.03729051502290295,0.0591047391124954,,
F1,label=0,0.02601734489659773,0.017333333333333333,0.03602461721254312,39.0,1499.0
F1,label=1,0.06470980653769179,0.04803202134756504,0.08339031762162759,97.0,1499.0
F1,snr_t0,0.07507507507507508,0.052102904507714126,0.09921843687374739,75.0,999.0
F1,snr_t1,0.038,0.024,0.054024999999999865,38.0,1000.0
F1,snr_t2,0.023023023023023025,0.012,0.03507014028056112,23.0,999.0
F2,overall_popweighted,0.008825070808283233,0.004315137274549099,0.014171879619077512,,
F2,label=0,0.00333555703802535,0.00066711140760507,0.006666666666666667,5.0,1499.0
F2,label=1,0.012675116744496331,0.005336802312652879,0.02134756504336224,19.0,1499.0
F2,snr_t0,0.01701701701701702,0.0070140280561122245,0.02902902902902903,17.0,999.0
F2,snr_t1,0.003,0.0,0.008,3.0,1000.0
F2,snr_t2,0.004004004004004004,0.0,0.011033099297893681,4.0,999.0
F3,overall_popweighted,0.24893238744154975,0.22529505470384253,0.2736953076987308,,
F3,label=0,0.1827885256837892,0.1593219626168224,0.20614086516066338,274.0,1499.0
F3,label=1,0.3162108072048032,0.27799259012016025,0.35558112074716475,474.0,1499.0
F3,snr_t0,0.33733733733733734,0.2902902902902903,0.3847695390781563,337.0,999.0
F3,snr_t1,0.246,0.204,0.285,246.0,1000.0
F3,snr_t2,0.16516516516516516,0.13439648274151786,0.19920418915909896,165.0,999.0
env_empty,overall_popweighted,0.00023666666666666668,0.0,0.00071,,
env_empty,label=0,0.0006666666666666666,0.0,0.002,1.0,1500.0
env_empty,label=1,0.0,0.0,0.0,0.0,1500.0
env_empty,snr_t0,0.001,0.0,0.003,1.0,1000.0
env_empty,snr_t1,0.0,0.0,0.0,0.0,1000.0
env_empty,snr_t2,0.0,0.0,0.0,0.0,1000.0
env_invalid,overall_popweighted,0.00045533333333333336,0.0,0.0011473333333333333,,
env_invalid,label=0,0.0006666666666666666,0.0,0.002,1.0,1500.0
env_invalid,label=1,0.0006666666666666666,0.0,0.002,1.0,1500.0
env_invalid,snr_t0,0.001,0.0,0.003,1.0,1000.0
env_invalid,snr_t1,0.0,0.0,0.0,0.0,1000.0
env_invalid,snr_t2,0.001,0.0,0.003,1.0,1000.0
fragmented,overall_popweighted,0.014584756179024716,0.009429969321977287,0.020469820080321277,,
fragmented,label=0,0.012675116744496331,0.007333333333333333,0.018666666666666668,19.0,1499.0
fragmented,label=1,0.014,0.007333333333333333,0.022,21.0,1500.0
fragmented,snr_t0,0.013013013013013013,0.004008016032064128,0.024,13.0,999.0
fragmented,snr_t1,0.012,0.006,0.02,12.0,1000.0
fragmented,snr_t2,0.015,0.008,0.023,15.0,1000.0
thickness_irregular,overall_popweighted,0.02455069138276553,0.01603075364061456,0.033989041666666664,,
thickness_irregular,label=0,0.01667778519012675,0.00801068090787717,0.026052975516249886,25.0,1499.0
thickness_irregular,label=1,0.03333333333333333,0.018666666666666668,0.05,50.0,1500.0
thickness_irregular,snr_t0,0.03203203203203203,0.016016016016016016,0.052,32.0,999.0
thickness_irregular,snr_t1,0.021,0.009,0.035,21.0,1000.0
thickness_irregular,snr_t2,0.022,0.008,0.04,22.0,1000.0
position_implausible,overall_popweighted,0.0035503333333333333,0.00086,0.007314083333333332,,
position_implausible,label=0,0.0,0.0,0.0,0.0,1499.0
position_implausible,label=1,0.006,0.0013333333333333333,0.012,9.0,1500.0
position_implausible,snr_t0,0.007007007007007007,0.001,0.016,7.0,999.0
position_implausible,snr_t1,0.001,0.0,0.003,1.0,1000.0
position_implausible,snr_t2,0.001,0.0,0.003,1.0,1000.0
env_any_flag,overall_popweighted,0.03775366666666667,0.027332375,0.049837449999999985,,
env_any_flag,label=0,0.02666666666666667,0.016666666666666666,0.03868333333333324,40.0,1500.0
env_any_flag,label=1,0.04733333333333333,0.030666666666666665,0.068,71.0,1500.0
env_any_flag,snr_t0,0.046,0.024,0.071,46.0,1000.0
env_any_flag,snr_t1,0.033,0.02,0.048,33.0,1000.0
env_any_flag,snr_t2,0.032,0.017,0.051,32.0,1000.0
F1,range_t0,0.07915831663326653,0.05811295586406962,0.10362906418987712,79.0,998.0
F1,range_t1,0.029,0.017674167560535865,0.042698190106257874,29.0,1000.0
F1,range_t2,0.028,0.018392141457506162,0.03972426808635844,28.0,1000.0
F2,range_t0,0.018036072144288578,0.007367865255425064,0.029949156299354393,18.0,998.0
F2,range_t1,0.006,0.0009735684438834905,0.013444336685759598,6.0,1000.0
F2,range_t2,0.0,0.0,0.0,0.0,1000.0
F3,range_t0,0.2695390781563126,0.2304453315293642,0.30792742673367385,269.0,998.0
F3,range_t1,0.2,0.16562467035864978,0.23529718137254899,200.0,1000.0
F3,range_t2,0.279,0.24407668140342492,0.31818922924901183,279.0,1000.0
F1,census_overall,0.05313365131249791,0.05062064539198185,0.05603525353404429,3186.0,59962.0
F1,census_label=0,0.026517727051966974,0.024133993358784498,0.02887951063257027,819.0,30885.0
F1,census_label=1,0.08140454654881865,0.07653765303990938,0.08620605923972212,2367.0,29077.0
F2,census_overall,0.010489976985424102,0.009330765723476854,0.011717259875257688,629.0,59962.0
F2,census_label=0,0.004468188440990772,0.0035937333211678016,0.005424412918185146,138.0,30885.0
F2,census_label=1,0.016886198713760018,0.014531950886151718,0.019026454973013914,491.0,29077.0
F3,census_overall,0.25771321837163536,0.2525574922818351,0.26300965458960385,15453.0,59962.0
F3,census_label=0,0.16639145216124332,0.1609429679147801,0.1716755325497771,5139.0,30885.0
F3,census_label=1,0.35471334731918697,0.3453897720222335,0.3636944484425293,10314.0,29077.0
env_empty,census_overall,0.00013333333333333334,5e-05,0.00023333333333333333,8.0,60000.0
env_empty,census_label=0,3.237293622531564e-05,0.0,9.711880867594691e-05,1.0,30890.0
env_empty,census_label=1,0.0002404671934043284,8.502232909653045e-05,0.00041222947440742015,7.0,29110.0
env_invalid,census_overall,0.0006333333333333333,0.0004,0.0008587499999999996,38.0,60000.0
env_invalid,census_label=0,0.0001618646811265782,3.237293622531564e-05,0.000356102298478472,5.0,30890.0
env_invalid,census_label=1,0.0011336310546204054,0.0007033665407076606,0.0015982480247337678,33.0,29110.0
fragmented,census_overall,0.015202026936924923,0.014126084600680412,0.016536523514639485,912.0,59992.0
fragmented,census_label=0,0.00977694324840558,0.008562386687386687,0.010845117959678952,302.0,30889.0
fragmented,census_label=1,0.020960038484005086,0.01903387617673332,0.02324936429069086,610.0,29103.0
thickness_irregular,census_overall,0.026786904920656086,0.024744560971792947,0.02886282680700545,1607.0,59992.0
thickness_irregular,census_label=0,0.015053902683803296,0.012949792847167317,0.017190585645375376,465.0,30889.0
thickness_irregular,census_label=1,0.03923994089956362,0.035560518693087725,0.04307131739208491,1142.0,29103.0
position_implausible,census_overall,0.00496732897719696,0.004158507452274662,0.005717293190276858,298.0,59992.0
position_implausible,census_label=0,0.0015215772605134514,0.0010513815391082909,0.002104308977305837,47.0,30889.0
position_implausible,census_label=1,0.008624540425385699,0.007113273731692361,0.009982304837822979,251.0,29103.0
env_any_flag,census_overall,0.03975,0.03729916666666667,0.04235875,2385.0,60000.0
env_any_flag,census_label=0,0.024053091615409517,0.021575752670767237,0.02666154095176432,743.0,30890.0
env_any_flag,census_label=1,0.05640673308141532,0.052318790793541736,0.06065183785640673,1642.0,29110.0
